{"BFph88dqbxrVCRzCQdaRZA==":"tourni-s-logo.png","IlZxDn52iqwh5rhiT3IrjA==":"bpa-free.png","xxf8JeuuDI+7mf+mCuPffA==":"ce.jpg","d/lRkO14oCOGqZ8EG5OiVg==":"clinal.jpg","vLC9hW00y2sA5nYiKVGU7A==":"comfort.jpg","lcEMO2ZjoOIiSLGGRjU/GQ==":"latex.jpg","KEJDeH+ZND6iCPT5T9cRQQ==":"safe.jpg","g87kFP7R8PTjdlwmJUhP4g==":"single-use.jpg","BePCNV/Z+DrPLgDeIzsE+A==":"verstile.jpg","UoFFm7Y6tFQmYdA4KAg4ew==":"tourni-s-img-2.jpg","5Eay261vPFT2B++AnjPEdA==":"tourni-s-img.jpg","Dm9xJsLanfzDTcjyD7Eyfg==":"background13.1-1.jpg","pUs8cEMbw/oi13HcX8Xj/A==":"background13.jpg","aGlCVWyi+ZyVwaDkIW1YXg==":"background13-1.jpg","ka21Mw6pFuSuSq9c1kEm7A==":"ts.jpg","o77GY1cGk+zehCMWHnef5A==":"tourni-s-3.jpg","fhxGv0zq3xWleVDMgl1Jfg==":"custom.png","DSNQPyrh1H4mxHd1TE9Pmg==":"tourni-s-new.png","5TWojuCozkZMlR5QbdVA1g==":"ts1.png","JRjvgqRkhHSwC9CJE6h4gg==":"bpa-free-1.png","EG7z+O80rYdGj/6lb7KUEg==":"ce-certified.png","IuGKOlRc6oZVM/trGZ1fLQ==":"clinically-proven.png","lwkY50lrVqo2h6O3kWfg9A==":"comfortable.png","4QSW3/HveXv9abWWvjDJLQ==":"latex-free.png","EdnSOf06KwEdRFR90TqCqg==":"safe.png","IvYgLFUnPwPxme9xhO5ivA==":"single-use.png","y02AL1NPeqW7qz7lWyAfJA==":"versatile.png","oRykAiO0rUD++7AmPeEwUg==":"background1.jpg","O00Sm1nQ/Ddb3q8AvINstw==":"combine.png","KDYk7+0yVqAMcKyM0EbdbQ==":"combine-new.png","x3FkwhgvvZ/mHgrnzE2L2w==":"background13-1.jpeg","wzAPQxo4utGmtqKlyJw2rA==":"background13-2.jpeg","/LacQHDtZvbrDIm+0OA+/w==":"center-1076x773.png","twDbRqsxvzBznMgOD8/F2w==":"background13.1-1076x773.jpg","cg4ee+Glexs3NMmIrU4cOw==":"background13-3.jpeg","EglSb3ys/5GBucXYDkKe2Q==":"center-to-left-1635x1174.png","NTC3FZGPGMIJK/Ys9E36Kg==":"from-right-to-little-left-1635x1174.png","srWPj/e1XvLstS8oQkZhTQ==":"test-img-1-2542x1095.jpg","QAL5ZhnYt89FoXDutE0YSw==":"test-img-01-1-2216x955.jpg","l+Bi4V8z2ENJxBR472yZ6Q==":"test-img-01-2-1132x488.jpg","4DDnZIzf+7WKoltB0mdxJw==":"test-img-01-3-1132x488.jpg","GriFgLPtAKQwh5lmYs0JjQ==":"center-to-left-1076x773.png","uWMv3mJpy6BNLrAafVC6MA==":"new-1035x1174.png","vWBV68xUKMOvC7k6AzVwzw==":"tournis-1150x1176.png"}