{"file:///C:/Users/SIVA/Desktop/14-05-2022/tourni-s":{"assets/images/hashes.json":"My8ExnH50oYfD07fqqCjZQ==","assets/images/tourni-s-logo.png":"BFph88dqbxrVCRzCQdaRZA==","assets/images/new-1035x1174.png":"uWMv3mJpy6BNLrAafVC6MA==","assets/images/combine-new.png":"KDYk7+0yVqAMcKyM0EbdbQ==","assets/images/ts1.png":"5TWojuCozkZMlR5QbdVA1g==","assets/images/favicon-1.png":"KYz1AyzwS9HQlGukAGuplQ==","assets/images/tourni-s-3.jpg":"o77GY1cGk+zehCMWHnef5A==","assets/images/tourni-s-new.png":"DSNQPyrh1H4mxHd1TE9Pmg==","assets/images/ts.jpg":"ka21Mw6pFuSuSq9c1kEm7A==","assets/images/background13.jpg":"pUs8cEMbw/oi13HcX8Xj/A==","assets/web/assets/cookies-alert-plugin/cookies-alert-core.js":"/oeMpaUlGD0Qd5PxPkXwRA==","assets/web/assets/cookies-alert-plugin/cookies-alert-script.js":"EgU7KXG2VjsgB86ShM5zOQ==","assets/bootstrap/css/bootstrap.min.css":"qGiBfMEZYUPQ8GJUeqipZw==","assets/bootstrap/css/bootstrap-grid.min.css":"4bnuDDTauYpkcZNhkYKtrg==","assets/bootstrap/css/bootstrap-reboot.min.css":"/iLrQLzPIC+HbKPQfUweBg==","assets/bootstrap/js/bootstrap.bundle.min.js":"4jB/FPBUKrTUyehEkinqIg==","assets/animatecss/animate.css":"fjruI/nrd0HOAeWn5UICJQ==","assets/smoothscroll/smooth-scroll.js":"I6Cnt5FZXvE7AwxKBjLHIw==","assets/theme/css/style.css":"zwvoPTBYU/IAfgCqrVEA6Q==-VITbTf54ezV7Z7I/e4lZVw==","assets/ytplayer/index.js":"mFY4BIBrp1+/1GbYKiwChg==","assets/dropdown/css/style.css":"Vb8nb3PvfIj5jIp56aQkiA==","assets/dropdown/js/navbar-dropdown.js":"Tg4KUED4z/erihKkpugAog==","assets/playervimeo/vimeo_player.js":"voT9mpohXjYeE/9fiCrk6w==","assets/parallax/jarallax.js":"dK+LQKyoapkDnRGMTh9jhQ==","assets/parallax/jarallax.css":"2Tta/DdBrdXNDixBji4u9A==","assets/web/assets/mobirise-icons2/mobirise2.css":"+RO7OxVtE1FsD/N7V3/ADw==","assets/web/assets/mobirise-icons2/mobirise2.eot":"B2EjryGRojlTpzr1GHt3LQ==","assets/web/assets/mobirise-icons2/mobirise2.svg":"usCYAy7QdzckfeGReb9wWQ==","assets/web/assets/mobirise-icons2/mobirise2.ttf":"VMdAr7YYQ2ab9KiUyabAGA==","assets/web/assets/mobirise-icons2/mobirise2.woff":"xY3InaTfYGp0nlCuQBMudQ==","assets/socicon/css/styles.css":"yjHs7tV2SewoW36KZ0bi9w==","assets/socicon/fonts/socicon.eot":"MvYQV8XxgngrhGqjN3oHBw==","assets/socicon/fonts/socicon.svg":"U1iRKoyNjKeR+mUJr3QbXg==","assets/socicon/fonts/socicon.ttf":"IyAo3XNB2a/Q0ml3ZraPsQ==","assets/socicon/fonts/socicon.woff":"zQDjXd6bBUQi87pRsBWVqQ==","assets/socicon/fonts/socicon.woff2":"o3w8h99EHOwP99NXAoHpOQ==","assets/formoid/formoid.min.js":"zBU/hUHTSi6MGNGvdCiuqA=="},"file:///C:/Users/SIVA/Desktop/8-07-2022":{"assets/images/hashes.json":"fs4rG4n8RdDbyKAsU2NioA==","assets/images/tourni-s-logo.png":"BFph88dqbxrVCRzCQdaRZA==","assets/images/new-1035x1174.png":"uWMv3mJpy6BNLrAafVC6MA==","assets/images/combine-new.png":"KDYk7+0yVqAMcKyM0EbdbQ==","assets/images/tournis-1150x1176.png":"vWBV68xUKMOvC7k6AzVwzw==","assets/images/ts1.png":"5TWojuCozkZMlR5QbdVA1g==","assets/images/favicon-1.png":"KYz1AyzwS9HQlGukAGuplQ==","assets/images/tourni-s-3.jpg":"o77GY1cGk+zehCMWHnef5A==","assets/images/tourni-s-new.png":"DSNQPyrh1H4mxHd1TE9Pmg==","assets/images/ts.jpg":"ka21Mw6pFuSuSq9c1kEm7A==","assets/images/background13.jpg":"pUs8cEMbw/oi13HcX8Xj/A==","assets/web/assets/cookies-alert-plugin/cookies-alert-core.js":"/oeMpaUlGD0Qd5PxPkXwRA==","assets/web/assets/cookies-alert-plugin/cookies-alert-script.js":"EgU7KXG2VjsgB86ShM5zOQ==","assets/bootstrap/css/bootstrap.min.css":"qGiBfMEZYUPQ8GJUeqipZw==","assets/bootstrap/css/bootstrap-grid.min.css":"4bnuDDTauYpkcZNhkYKtrg==","assets/bootstrap/css/bootstrap-reboot.min.css":"/iLrQLzPIC+HbKPQfUweBg==","assets/bootstrap/js/bootstrap.bundle.min.js":"4jB/FPBUKrTUyehEkinqIg==","assets/animatecss/animate.css":"fjruI/nrd0HOAeWn5UICJQ==","assets/smoothscroll/smooth-scroll.js":"I6Cnt5FZXvE7AwxKBjLHIw==","assets/theme/css/style.css":"zwvoPTBYU/IAfgCqrVEA6Q==-VITbTf54ezV7Z7I/e4lZVw==","assets/ytplayer/index.js":"mFY4BIBrp1+/1GbYKiwChg==","assets/dropdown/css/style.css":"Vb8nb3PvfIj5jIp56aQkiA==","assets/dropdown/js/navbar-dropdown.js":"Tg4KUED4z/erihKkpugAog==","assets/playervimeo/vimeo_player.js":"voT9mpohXjYeE/9fiCrk6w==","assets/parallax/jarallax.js":"dK+LQKyoapkDnRGMTh9jhQ==","assets/parallax/jarallax.css":"2Tta/DdBrdXNDixBji4u9A==","assets/web/assets/mobirise-icons2/mobirise2.css":"+RO7OxVtE1FsD/N7V3/ADw==","assets/web/assets/mobirise-icons2/mobirise2.eot":"B2EjryGRojlTpzr1GHt3LQ==","assets/web/assets/mobirise-icons2/mobirise2.svg":"usCYAy7QdzckfeGReb9wWQ==","assets/web/assets/mobirise-icons2/mobirise2.ttf":"VMdAr7YYQ2ab9KiUyabAGA==","assets/web/assets/mobirise-icons2/mobirise2.woff":"xY3InaTfYGp0nlCuQBMudQ==","assets/socicon/css/styles.css":"yjHs7tV2SewoW36KZ0bi9w==","assets/socicon/fonts/socicon.eot":"MvYQV8XxgngrhGqjN3oHBw==","assets/socicon/fonts/socicon.svg":"U1iRKoyNjKeR+mUJr3QbXg==","assets/socicon/fonts/socicon.ttf":"IyAo3XNB2a/Q0ml3ZraPsQ==","assets/socicon/fonts/socicon.woff":"zQDjXd6bBUQi87pRsBWVqQ==","assets/socicon/fonts/socicon.woff2":"o3w8h99EHOwP99NXAoHpOQ=="}}